﻿CAPEX kalemi,Kategori,Toplam yatırım (USD),Ekonomik ömür (yıl),Atama oranı (%),Yıllık CAPEX (USD)
R2R kaplama ekipmanı,Ekipman,157000,12,100,13083.333333333336
SA coating and metering,Ekipman,52000,12,100,4333.333333333333
Roll transfer forklift (2 adet),Ekipman,8000,10,100,800
Sıcaklık ayarlı karıştırıcı - 20 L (2 adet),Ekipman,11000,10,100,1100
VARYAK (2 adet),Ekipman,500,10,100,50
Pusluluk ölçüm cihazı,Ekipman,33000,12,100,2750
Laboratuvar altyapı ve ekipmanları,Diğer,30000,10,100,3000
Optik mikroskop,Ekipman,3000,10,100,300
Polarize optik mikroskop,Ekipman,2500,10,100,250
Multimetre (3 adet),Ekipman,2400,10,100,240
Osiloskop,Ekipman,1000,10,100,100
Voltaj yükseltici,Ekipman,3250,10,100,325
4-point probe,Ekipman,3150,10,100,315
Fabrika inşaat bedeli,Bina,750000,20,100,37500
Filtrasyon,Ekipman,5000,10,100,500
ISO 7 temiz oda,Diğer,120000,10,100,12000
Renk ölçüm spektrometresi,Ekipman,12000,10,100,1200
"Moben ""Automatic Cutting Machine""",Ekipman,32400,10,100,3240
Yarı otomatik kesme tezgahı,Ekipman,3000,10,100,300
Lehim istasyonu (2 adet),Ekipman,1600,10,100,160
Yüzey direnci ölçüm cihazı (2 adet),Ekipman,3600,10,100,360
Dikey otomatik yıkama,Ekipman,16000,8,100,2000
Cam vinci,Ekipman,3000,10,100,300
Otoklav,Ekipman,60000,10,100,6000
Otoklav temiz oda,Diğer,40000,10,100,4000
Elektrikli manuel forklift,Ekipman,4000,10,100,400
Özel tasarım UV kürleme cihazı,Ekipman,2000,10,100,200
