﻿Tip,Kalem,Değer Zinciri Aktivitesi,Dağıtım hedefi,Birim,Ürün birim miktar kullanımı,Birim maliyet (USD),Fire oranı,Sabit/Değişken,Atama oranı (%),Yıllık miktar (dağıtılmış),Yıllık maliyet (USD)
genel_gider,Genel yönetim & ofis giderleri,Firm Infrastructure,per_yil,USD/yıl,1,20000,0,Sabit,1,1,20000
işçilik,Operatör eğitim planı,HR Management,per_ay,kişi,1,4000,0,Sabit,0.5,12,24000
işçilik,Mühendis / Ar-Ge yetkinlik yönetimi,HR Management,per_ay,kişi,1,4000,0,Sabit,0.5,12,24000
işçilik,"R&D, Yeni Ürün Geliştirme ve Dayanım Testleri",Technology Development,per_ay,kişi,2,4000,0,Sabit,1,24,96000
işçilik,İş Geliştime Yöneticisi,Marketing & Sales,per_ay,kişi,1,4500,0,Sabit,1,12,54000
işçilik,Pazarlama ve Satış ,Marketing & Sales,per_ay,kişi,2,4000,0,Sabit,1,24,96000
