﻿Tip,Kalem,Değer Zinciri Aktivitesi,Dağıtım hedefi,Birim,Ürün birim miktar kullanımı,Birim maliyet (USD),Fire oranı,Sabit/Değişken,Atama oranı (%),Yıllık miktar (dağıtılmış),Yıllık maliyet (USD)
malzeme,Paketleme & palletizasyon,Outbound Logistics,per_lot,adet,10,5,0.05,Değişken,1,3150,15750
işçilik,Sevkiyat planlama & taşıyıcı yönetimi,Outbound Logistics,per_ay,kişi,1,3500,0,Sabit,1,12,42000
işçilik,"Kurulum, Bakım ve Satış Sonrası Hizmetler",Service,per_ay,kişi,2,3000,0,Sabit,1,24,72000
işçilik,"Film boyutlandırma, busbar ve elektrik bağlantısı",Operations,per_ay,kişi,2,3000,0,Sabit,1,24,72000
işçilik,Ürün Yönetimi,Service,per_ay,kişi,1,4500,0,Sabit,1,12,54000
malzeme,PVB ara katmanı,Operations,per_m2,m²,2,4,0.05,Değişken,1,275940,1103760
malzeme,Laminasyon bandı,Operations,per_m2,m,3.5,0.01,0.05,Değişken,1,482895,4828.95
malzeme,güç kaynağı,Operations,per_lot,adet,5,35,0.01,Değişken,1,1515,53025
malzeme,kontrol ünitesi,Operations,per_lot,adet,5,40,0.01,Değişken,1,1515,60600
malzeme,Cam,Operations,per_m2,kişi,2,6,0,Değişken,1,262800,1576800
işçilik,Laminasyon Operatörü,Operations,per_ay,kişi,2,3000,0,Sabit,1,24,72000
malzeme,İletken pasta,Operations,per_m2,g,0.3333333333333333,0.25,0.05,Değişken,1,45990,11497.5
malzeme,İletken folyo,Operations,per_m2,m,0.26666666666666666,0.1,0.05,Değişken,1,36792,3679.2000000000003
malzeme,Güç aktarım kablosu,Operations,per_m2,m,0.6,0.05,0.05,Değişken,1,82782,4139.1
işçilik,Operasyon Yöneticisi,Operations,per_ay,kişi,1,4500,0,Sabit,1,12,54000
işçilik,Paketleme ve modül testi,Outbound Logistics,per_ay,kişi,2,3000,0,Sabit,0.6,24,43200
