﻿Tip,Kalem,Değer Zinciri Aktivitesi,Dağıtım hedefi,Birim,Ürün birim miktar kullanımı,Birim maliyet (USD),Fire oranı,Sabit/Değişken,Atama oranı (%),Yıllık miktar (dağıtılmış),Yıllık maliyet (USD)
diğer,Genel yönetim & ofis giderleri,Firm Infrastructure,per_yıl,USD/yıl,1,20000,0,Sabit,1,0,0
işçilik,Kalite yönetim sistemi & dokümantasyon,Firm Infrastructure,per_ay,kişi,1,4000,0,Sabit,0.45,12,21600
işçilik,Operatör eğitim planı,HR Management,per_ay,kişi,1,4000,0,Sabit,0.3,12,14400
işçilik,Mühendis / Ar-Ge yetkinlik yönetimi,HR Management,per_ay,kişi,1,4000,0,Sabit,0.25,12,12000
işçilik,R&D ve Yeni Ürün Geliştirme,Technology Development,per_ay,kişi,1,4000,0,Sabit,1,12,48000
