﻿Tip,Kalem,Değer Zinciri Aktivitesi,Dağıtım hedefi,Birim,Ürün birim miktar kullanımı,Birim maliyet (USD),Fire oranı,Sabit/Değişken,Atama oranı (%),Yıllık miktar (dağıtılmış),Yıllık maliyet (USD)
malzeme,Paketleme & palletizasyon,Outbound Logistics,per_lot,adet,10,5,0.05,Değişken,1,3150,15750
işçilik,Sevkiyat planlama & taşıyıcı yönetimi,Outbound Logistics,per_ay,kişi,1,3500,0,Sabit,0.5,12,21000
işçilik,"Kurulum, Bakım ve Satış Sonrası Hizmetler",Service,per_ay,kişi,2,3000,0,Sabit,1,24,72000
işçilik,Kesim ve paketleme,Outbound Logistics,per_ay,kişi,2,3000,0,Sabit,0.6,24,43200
işçilik,Ürün Yönetimi,Service,per_ay,kişi,1,4500,0,Sabit,1,12,54000
