{
  "params": {
    "roll_length_m": 300.0,
    "roll_width_m": 1.5,
    "scrap_each_end_m": 4.0,
    "part_length_m": 1.5,
    "part_width_m": 1.0,
    "paste_per_part_g": 0.5,
    "foil_length_per_part_m": 0.5,
    "cable_length_per_part_m": 1.0,
    "pvb_m2_per_m2_pdlc": 2.0,
    "band_m_per_m2_pdlc": 3.0,
    "lot_duration_hours": 6.0,
    "production_input_mode": "Yıllık lot sayısı",
    "annual_good_m2": 131400.0,
    "annual_lot_count": 300.0,
    "selling_price_per_m2": 36.0
  },
  "vca_df": {
    "Kategori": [
      "Inbound Logistics",
      "Inbound Logistics",
      "Inbound Logistics",
      "Operations",
      "Operations",
      "Operations",
      "Operations",
      "Operations",
      "Operations",
      "Operations",
      "Outbound Logistics",
      "Outbound Logistics",
      "Marketing & Sales",
      "Marketing & Sales",
      "Service",
      "Service",
      "Service",
      "Firm Infrastructure",
      "Firm Infrastructure",
      "HR Management",
      "HR Management",
      "Technology Development",
      "Technology Development",
      "Technology Development",
      "Procurement",
      "Procurement"
    ],
    "Alt Süreç": [
      "Tedarikçi seçimi & kalifikasyonu",
      "Mal kabul & karantina",
      "IQC testleri (AQL/SPC)",
      "Dope hazırlama",
      "R2R kaplama & UV kürleme",
      "Rulo kalite kontrolü",
      "Kesim & boyutlandırma",
      "Busbar & kablolama",
      "Laminasyon",
      "Modül EOL test",
      "Paketleme & palletizasyon",
      "Sevkiyat planlama & taşıyıcı yönetimi",
      "Proje geliştirme & mimar ilişkileri",
      "Tekliflendirme & fiyatlama",
      "Montaj partner desteği",
      "Devreye alma",
      "RMA & 8D/CAPA",
      "Kalite yönetim sistemi & dokümantasyon",
      "Strateji & iş planı",
      "Operatör eğitim planı",
      "Mühendis / Ar-Ge yetkinlik yönetimi",
      "Reçete geliştirme (PDLC formülasyon)",
      "Proses penceresi optimizasyonu",
      "Dayanım & yaşlandırma testleri",
      "Stratejik satınalma & dual sourcing",
      "Tedarikçi performans yönetimi"
    ],
    "Değer Potansiyeli": [
      4,
      3,
      4,
      4,
      5,
      4,
      3,
      4,
      5,
      4,
      3,
      3,
      4,
      4,
      4,
      4,
      5,
      4,
      5,
      4,
      4,
      5,
      5,
      4,
      4,
      4
    ],
    "Mevcut Performans": [
      3,
      3,
      2,
      3,
      2,
      3,
      3,
      2,
      3,
      3,
      3,
      2,
      2,
      3,
      2,
      3,
      3,
      3,
      3,
      2,
      3,
      3,
      2,
      3,
      3,
      2
    ],
    "Maliyet Etkisi": [
      3,
      2,
      3,
      3,
      5,
      2,
      3,
      3,
      5,
      2,
      3,
      3,
      2,
      2,
      3,
      2,
      3,
      2,
      1,
      2,
      2,
      3,
      3,
      2,
      3,
      2
    ],
    "Risk / Kayıp": [
      3,
      2,
      4,
      3,
      4,
      3,
      2,
      4,
      4,
      4,
      3,
      3,
      3,
      2,
      4,
      3,
      5,
      4,
      4,
      3,
      3,
      4,
      4,
      4,
      4,
      3
    ],
    "Grup": [
      "Primary",
      "Primary",
      "Primary",
      "Primary",
      "Primary",
      "Primary",
      "Primary",
      "Primary",
      "Primary",
      "Primary",
      "Primary",
      "Primary",
      "Primary",
      "Primary",
      "Primary",
      "Primary",
      "Primary",
      "Support",
      "Support",
      "Support",
      "Support",
      "Support",
      "Support",
      "Support",
      "Support",
      "Support"
    ]
  },
  "upstream_df": {
    "Tip": [
      "işçilik",
      "işçilik",
      "genel_gider"
    ],
    "Kalem": [
      "Malzeme Tedarik",
      "Mal Kabul ve IQC Testler (AQC/SPL)",
      "Karakterizasyon Hizmetleri"
    ],
    "Değer Zinciri Aktivitesi": [
      "Inbound Logistics",
      "Inbound Logistics",
      "Inbound Logistics"
    ],
    "Dağıtım hedefi": [
      "per_ay",
      "per_ay",
      "per_yil"
    ],
    "Birim": [
      "kişi",
      "kişi",
      null
    ],
    "Ürün birim miktar kullanımı": [
      1.0,
      1.0,
      1.0
    ],
    "Birim maliyet (USD)": [
      4000.0,
      4000.0,
      5000.0
    ],
    "Fire oranı": [
      0.0,
      0.0,
      0.0
    ],
    "Sabit/Değişken": [
      "Sabit",
      "Sabit",
      "Sabit"
    ],
    "Atama oranı (%)": [
      100.0,
      50.0,
      100.0
    ]
  },
  "midstream_df": {
    "Tip": [
      "işçilik",
      "işçilik",
      "işçilik",
      "enerji",
      "bakım",
      "malzeme",
      "malzeme",
      "işçilik",
      "işçilik"
    ],
    "Kalem": [
      "Hat operatörü",
      "Harman Hazırlama",
      "İmalat Planlama ve Kalite Yönetimi",
      "Elektrik tüketimi",
      "Hat Bakım - R2R",
      "ITO kaplı PET",
      "PDLC karışımı",
      "Koruyucu film kaplama",
      "Rulo kesim"
    ],
    "Değer Zinciri Aktivitesi": [
      "Operations",
      "Operations",
      "Operations",
      "Operations",
      "Operations",
      "Operations",
      "Operations",
      "Operations",
      "Operations"
    ],
    "Dağıtım hedefi": [
      "per_ay",
      "per_ay",
      "per_ay",
      "per_lot",
      "per_yıl",
      "per_m2",
      "per_m2",
      "per_ay",
      "per_ay"
    ],
    "Birim": [
      "kişi",
      "kişi",
      "kişi",
      "kWh",
      null,
      "m²",
      "g",
      "kişi",
      "kişi"
    ],
    "Ürün birim miktar kullanımı": [
      2.0,
      1.0,
      1.0,
      200.0,
      2.0,
      2.0,
      21.0,
      1.0,
      1.0
    ],
    "Birim maliyet (USD)": [
      3000.0,
      4000.0,
      4500.0,
      0.1,
      3000.0,
      6.0,
      0.9,
      3000.0,
      3000.0
    ],
    "Fire oranı": [
      0.0,
      NaN,
      NaN,
      NaN,
      NaN,
      0.09,
      0.02,
      NaN,
      NaN
    ],
    "Sabit/Değişken": [
      "Sabit",
      "Sabit",
      "Sabit",
      "Değişken",
      null,
      "Değişken",
      "Değişken",
      "Sabit",
      "Sabit"
    ],
    "Atama oranı (%)": [
      100.0,
      100.0,
      100.0,
      100.0,
      NaN,
      NaN,
      NaN,
      40.0,
      40.0
    ]
  },
  "downstream_df": {
    "Tip": [
      "malzeme",
      "işçilik",
      "işçilik",
      "işçilik",
      "işçilik"
    ],
    "Kalem": [
      "Paketleme & palletizasyon",
      "Sevkiyat planlama & taşıyıcı yönetimi",
      "Kurulum, Bakım ve Satış Sonrası Hizmetler",
      "Kesim ve paketleme",
      "Ürün Yönetimi"
    ],
    "Değer Zinciri Aktivitesi": [
      "Outbound Logistics",
      "Outbound Logistics",
      "Service",
      "Outbound Logistics",
      "Service"
    ],
    "Dağıtım hedefi": [
      "per_lot",
      "per_ay",
      "per_ay",
      "per_ay",
      "per_ay"
    ],
    "Birim": [
      "adet",
      "kişi",
      "kişi",
      "kişi",
      "kişi"
    ],
    "Ürün birim miktar kullanımı": [
      10.0,
      1.0,
      2.0,
      2.0,
      1.0
    ],
    "Birim maliyet (USD)": [
      5.0,
      3500.0,
      3000.0,
      3000.0,
      4500.0
    ],
    "Fire oranı": [
      0.05,
      NaN,
      NaN,
      NaN,
      NaN
    ],
    "Sabit/Değişken": [
      "Değişken",
      "Sabit",
      "Sabit",
      "Sabit",
      "Sabit"
    ],
    "Atama oranı (%)": [
      100.0,
      50.0,
      100.0,
      60.0,
      100.0
    ]
  },
  "support_df": {
    "Tip": [
      "diğer",
      "işçilik",
      "işçilik",
      "işçilik",
      "işçilik"
    ],
    "Kalem": [
      "Genel yönetim & ofis giderleri",
      "Kalite yönetim sistemi & dokümantasyon",
      "Operatör eğitim planı",
      "Mühendis / Ar-Ge yetkinlik yönetimi",
      "R&D ve Yeni Ürün Geliştirme"
    ],
    "Değer Zinciri Aktivitesi": [
      "Firm Infrastructure",
      "Firm Infrastructure",
      "HR Management",
      "HR Management",
      "Technology Development"
    ],
    "Dağıtım hedefi": [
      "per_yıl",
      "per_ay",
      "per_ay",
      "per_ay",
      "per_ay"
    ],
    "Birim": [
      "USD/yıl",
      "kişi",
      "kişi",
      "kişi",
      "kişi"
    ],
    "Ürün birim miktar kullanımı": [
      1.0,
      1.0,
      1.0,
      1.0,
      1.0
    ],
    "Birim maliyet (USD)": [
      20000.0,
      4000.0,
      4000.0,
      4000.0,
      4000.0
    ],
    "Fire oranı": [
      0.0,
      NaN,
      NaN,
      NaN,
      NaN
    ],
    "Sabit/Değişken": [
      "Sabit",
      "Sabit",
      "Sabit",
      "Sabit",
      "Sabit"
    ],
    "Atama oranı (%)": [
      100.0,
      45.0,
      30.0,
      25.0,
      100.0
    ]
  },
  "capex_df": {
    "CAPEX kalemi": [
      "R2R kaplama ekipmanı",
      "SA coating and metering",
      "Roll transfer forklift",
      "Sıcaklık ayarlı karıştırıcı - 20 L (2 adet)",
      "VARYAK (1 adet)",
      "Pusluluk ölçüm cihazı",
      "Laboratuvar altyapı ve ekipmanları",
      "Optik mikroskop",
      "Polarize optik mikroskop",
      "Multimetre",
      "Osiloskop",
      "Voltaj yükseltici",
      "4-point probe",
      "Fabrika inşaat bedeli",
      "Filtrasyon cihazı",
      "ISO 7 temiz oda",
      "Renk ölçüm spektrometresi",
      "Elektrikli manuel forklift",
      "Özel tasarım UV kürleme",
      "Moben Otomatik Kesme Cihazı",
      "Lehim istasyonu"
    ],
    "Kategori": [
      "Ekipman",
      "Ekipman",
      "Ekipman",
      "Ekipman",
      "Ekipman",
      "Ekipman",
      "Diğer",
      "Ekipman",
      "Ekipman",
      "Ekipman",
      "Ekipman",
      "Ekipman",
      "Ekipman",
      "Bina",
      "Ekipman",
      "Diğer",
      "Ekipman",
      "Ekipman",
      "Ekipman",
      "Ekipman",
      "Ekipman"
    ],
    "Toplam yatırım (USD)": [
      157000.0,
      52000.0,
      8000.0,
      11000.0,
      250.0,
      33000.0,
      30000.0,
      3000.0,
      2500.0,
      800.0,
      1000.0,
      3250.0,
      3150.0,
      750000.0,
      5000.0,
      120000.0,
      12000.0,
      4000.0,
      2000.0,
      30000.0,
      800.0
    ],
    "Ekonomik ömür (yıl)": [
      12.0,
      12.0,
      10.0,
      10.0,
      10.0,
      12.0,
      10.0,
      10.0,
      10.0,
      10.0,
      10.0,
      10.0,
      10.0,
      20.0,
      10.0,
      10.0,
      10.0,
      10.0,
      10.0,
      10.0,
      5.0
    ],
    "Atama oranı (%)": [
      100.0,
      100.0,
      100.0,
      100.0,
      100.0,
      100.0,
      100.0,
      100.0,
      100.0,
      100.0,
      100.0,
      100.0,
      100.0,
      100.0,
      100.0,
      100.0,
      100.0,
      100.0,
      100.0,
      100.0,
      100.0
    ]
  }
}