﻿CAPEX kalemi,Kategori,Toplam yatırım (USD),Ekonomik ömür (yıl),Atama oranı (%),Yıllık CAPEX (USD)
Elektrikli manuel forklift,Ekipman,4000,10,100,400
VARYAK,Ekipman,250,10,100,25
Pusluluk ölçüm cihazı,Ekipman,33000,12,100,2750
Laboratuvar altyapı ve ekipmanları,Diğer,10000,10,100,1000
Multimetre,Ekipman,800,10,100,80
Osiloskop,Ekipman,1000,10,100,100
Rulo sarma cihazı,Ekipman,52000,10,100,5200
Renk ölçüm cihazı,Ekipman,12000,10,100,1200
Manuel kesim makinası,Ekipman,3500,10,100,350
