﻿Tip,Kalem,Değer Zinciri Aktivitesi,Dağıtım hedefi,Birim,Ürün birim miktar kullanımı,Birim maliyet (USD),Fire oranı,Sabit/Değişken,Atama oranı (%),Yıllık miktar (dağıtılmış),Yıllık maliyet (USD)
diğer,Genel yönetim & ofis giderleri,Firm Infrastructure,per_yıl,USD/yıl,1,20000,0,Sabit,1,0,0
işçilik,Kalite yönetim sistemi & dokümantasyon,Firm Infrastructure,per_ay,kişi,1,4000,0,Sabit,0.4,12,19200
işçilik,Operatör eğitim planı,Service,per_ay,kişi,1,4000,0,Sabit,0.6,12,28800
işçilik,Operasyon Eğitim Birimi,Service,per_ay,kişi,1,4000,0,Sabit,1,12,48000
