﻿Tip,Kalem,Değer Zinciri Aktivitesi,Dağıtım hedefi,Birim,Ürün birim miktar kullanımı,Birim maliyet (USD),Fire oranı,Sabit/Değişken,Atama oranı (%),Yıllık miktar (dağıtılmış),Yıllık maliyet (USD)
malzeme,Paketleme & palletizasyon,Outbound Logistics,per_lot,adet,1,5,0.05,Değişken,1,315,1575
işçilik,Sevkiyat planlama & taşıyıcı yönetimi,Outbound Logistics,per_ay,kişi,1,4000,0,Sabit,1,12,48000
işçilik,"Kurulum, Bakım ve Satış Sonrası Hizmetler",Service,per_ay,kişi,2,3000,0,Sabit,1,24,72000
işçilik,Paketleme,Outbound Logistics,per_ay,kişi,2,3000,0,Sabit,1,24,72000
işçilik,Ürün Yönetimi,Service,per_ay,kişi,1,4500,0,Sabit,1,12,54000
