﻿CAPEX kalemi,Kategori,Toplam yatırım (USD),Ekonomik ömür (yıl),Atama oranı (%)
R2R kaplama ekipmanı,Ekipman,157000,12,100
SA coating and metering,Ekipman,52000,12,100
Roll transfer forklift (2 adet),Ekipman,8000,10,100
Sıcaklık ayarlı karıştırıcı - 20 L (2 adet),Ekipman,11000,10,100
VARYAK (2 adet),Ekipman,500,10,100
Pusluluk ölçüm cihazı,Ekipman,33000,12,100
Laboratuvar altyapı ve ekipmanları,Diğer,30000,10,100
Optik mikroskop,Ekipman,3000,10,100
Polarize optik mikroskop,Ekipman,2500,10,100
Multimetre (3 adet),Ekipman,2400,10,100
Osiloskop,Ekipman,1000,10,100
Voltaj yükseltici,Ekipman,3250,10,100
4-point probe,Ekipman,3150,10,100
Fabrika inşaat bedeli,Bina,750000,20,100
Filtrasyon,Ekipman,5000,10,100
ISO 7 temiz oda,Diğer,120000,10,100
Renk ölçüm spektrometresi,Ekipman,12000,10,100
"Moben ""Automatic Cutting Machine""",Ekipman,32400,10,100
Yarı otomatik kesme tezgahı,Ekipman,3000,10,100
Lehim istasyonu (2 adet),Ekipman,1600,10,100
Yüzey direnci ölçüm cihazı (2 adet),Ekipman,3600,10,100
Dikey otomatik yıkama,Ekipman,16000,8,100
Cam vinci,Ekipman,3000,10,100
Otoklav,Ekipman,60000,10,100
Otoklav temiz oda,Diğer,40000,10,100
Elektrikli manuel forklift,Ekipman,4000,10,100
Özel tasarım UV kürleme cihazı,Ekipman,2000,10,100
