﻿Tip,Kalem,Değer Zinciri Aktivitesi,Dağıtım hedefi,Birim,Ürün birim miktar kullanımı,Birim maliyet (USD),Fire oranı,Sabit/Değişken,Atama oranı (%)
genel_gider,Genel yönetim & ofis giderleri,Firm Infrastructure,per_yil,USD/yıl,1,20000,0,Sabit,100
işçilik,Operatör eğitim planı,HR Management,per_ay,kişi,1,4000,,Sabit,50
işçilik,Mühendis / Ar-Ge yetkinlik yönetimi,HR Management,per_ay,kişi,1,4000,,Sabit,50
işçilik,"R&D, Yeni Ürün Geliştirme ve Dayanım Testleri",Technology Development,per_ay,kişi,2,4000,,Sabit,100
