﻿Tip,Kalem,Değer Zinciri Aktivitesi,Dağıtım hedefi,Birim,Ürün birim miktar kullanımı,Birim maliyet (USD),Fire oranı,Sabit/Değişken,Atama oranı (%)
malzeme,Paketleme & palletizasyon,Outbound Logistics,per_lot,adet,10,5,0.05,Değişken,100
işçilik,Sevkiyat planlama & taşıyıcı yönetimi,Outbound Logistics,per_ay,kişi,1,3500,,Sabit,100
işçilik,"Kurulum, Bakım ve Satış Sonrası Hizmetler",Service,per_ay,kişi,2,3000,,Sabit,100
işçilik,"Film boyutlandırma, busbar ve elektrik bağlantısı",Operations,per_ay,kişi,2,3000,,Sabit,100
işçilik,Ürün Yönetimi,Service,per_ay,kişi,1,4500,,Sabit,100
malzeme,PVB ara katmanı,Operations,per_m2,m²,2,4,0.05,Değişken,
malzeme,Laminasyon bandı,Operations,per_m2,m,3.5,0.01,0.05,Değişken,
malzeme,güç kaynağı,Operations,per_lot,adet,5,35,0.01,Değişken,
malzeme,kontrol ünitesi,Operations,per_lot,adet,5,40,0.01,Değişken,
malzeme,Cam,Operations,per_m2,kişi,2,6,0,Değişken,
işçilik,Laminasyon Operatörü,Operations,per_ay,kişi,2,3000,0,Sabit,100
malzeme,İletken pasta,Operations,per_m2,g,0.3333333333333333,0.25,0.05,Değişken,
malzeme,İletken folyo,Operations,per_m2,m,0.26666666666666666,0.1,0.05,Değişken,
malzeme,Güç aktarım kablosu,Operations,per_m2,m,0.6,0.05,0.05,Değişken,
işçilik,Operasyon Yöneticisi,Operations,per_ay,kişi,1,4500,,Sabit,100
işçilik,Paketleme ve modül testi,Outbound Logistics,per_ay,kişi,2,3000,,Sabit,60
