﻿Tip,Kalem,Değer Zinciri Aktivitesi,Dağıtım hedefi,Birim,Ürün birim miktar kullanımı,Birim maliyet (USD),Fire oranı,Sabit/Değişken,Atama oranı (%)
işçilik,Hat operatörü,Operations,per_ay,kişi,2,3000,0,Sabit,100
işçilik,Harman Hazırlama,Operations,per_ay,kişi,1,4000,,Sabit,100
işçilik,İmalat Planlama ve Kalite Yönetimi,Operations,per_ay,kişi,1,4500,,Sabit,100
enerji,Elektrik tüketimi,Operations,per_lot,kWh,200,0.1,,Değişken,100
bakım,Hat Bakım - R2R,Operations,per_yıl,,2,3000,,,
malzeme,ITO kaplı PET,Operations,per_m2,m²,2,6,0.09,Değişken,
malzeme,PDLC karışımı,Operations,per_m2,g,21,0.9,0.02,Değişken,
işçilik,Koruyucu film kaplama,Operations,per_ay,kişi,1,3000,,Sabit,40
işçilik,Rulo kesim,Operations,per_ay,kişi,1,3000,,Sabit,40
