﻿CAPEX kalemi,Kategori,Toplam yatırım (USD),Ekonomik ömür (yıl),Atama oranı (%),Yıllık CAPEX (USD)
R2R kaplama ekipmanı,Ekipman,157000,12,100,13083.333333333336
SA coating and metering,Ekipman,52000,12,100,4333.333333333333
Roll transfer forklift,Ekipman,8000,10,100,800
Sıcaklık ayarlı karıştırıcı - 20 L (2 adet),Ekipman,11000,10,100,1100
VARYAK (2 adet),Ekipman,500,10,100,50
Pusluluk ölçüm cihazı,Ekipman,33000,12,100,2750
Laboratuvar altyapı ve ekipmanları,Diğer,30000,10,100,3000
Optik mikroskop,Ekipman,3000,10,100,300
Polarize optik mikroskop,Ekipman,2500,10,100,250
Multimetre,Ekipman,800,10,100,80
Osiloskop,Ekipman,1000,10,100,100
Voltaj yükseltici,Ekipman,3250,10,100,325
4-point probe,Ekipman,3150,10,100,315
Fabrika inşaat bedeli,Bina,750000,20,100,37500
