﻿Tip,Kalem,Değer Zinciri Aktivitesi,Dağıtım hedefi,Birim,Ürün birim miktar kullanımı,Birim maliyet (USD),Fire oranı,Sabit/Değişken,Atama oranı (%),Yıllık miktar (dağıtılmış),Yıllık maliyet (USD)
diğer,Genel yönetim & ofis giderleri,Firm Infrastructure,per_yıl,USD/yıl,1,20000,0,Sabit,1,0,0
işçilik,Kalite yönetim sistemi & dokümantasyon,Firm Infrastructure,per_ay,kişi,1,4000,0,Sabit,0.2,12,9600
işçilik,Operatör eğitim planı,HR Management,per_ay,kişi,1,4000,0,Sabit,0.25,12,12000
işçilik,Mühendis / Ar-Ge yetkinlik yönetimi,HR Management,per_ay,kişi,1,4000,0,Sabit,0.15,12,7200
işçilik,Proses penceresi optimizasyonu,Technology Development,per_ay,kişi,1,4500,0,Sabit,1,12,54000
