﻿Tip,Kalem,Değer Zinciri Aktivitesi,Dağıtım hedefi,Birim,Ürün birim miktar kullanımı,Birim maliyet (USD),Fire oranı,Sabit/Değişken,Atama oranı (%),Yıllık miktar (dağıtılmış),Yıllık maliyet (USD)
malzeme,Paketleme & palletizasyon,Outbound Logistics,per_lot,adet,10,5,0.05,Değişken,1,3150,15750
işçilik,Sevkiyat planlama & taşıyıcı yönetimi,Outbound Logistics,per_ay,kişi,1,3500,0,Sabit,0.35,12,14699.999999999998
işçilik,Proje geliştirme & mimar ilişkileri,Marketing & Sales,per_ay,kişi,2,3500,0,Sabit,1,24,84000
işçilik,Tekliflendirme & fiyatlama,Marketing & Sales,per_ay,kişi,1,3500,0,Sabit,1,12,42000
işçilik,"RMA & 8D/CAPA""",Technology Development,per_ay,kişi,1,3500,0,Sabit,0.2,12,8400
işçilik,Kesim ve paketleme,Outbound Logistics,per_ay,kişi,2,3000,0,Sabit,1,24,72000
