﻿Tip,Kalem,Değer Zinciri Aktivitesi,Dağıtım hedefi,Birim,Ürün birim miktar kullanımı,Birim maliyet (USD),Fire oranı,Sabit/Değişken,Atama oranı (%),Yıllık miktar (dağıtılmış),Yıllık maliyet (USD)
işçilik,Hat operatörü,Operations,per_ay,kişi,2,3000,0,Sabit,1,24,72000
işçilik,Harman Hazırlama,Operations,per_ay,kişi,1,4000,0,Sabit,1,12,48000
işçilik,İmalat Planlama ve Kalite Yönetimi,Operations,per_ay,kişi,1,4500,0,Sabit,1,12,54000
enerji,Elektrik tüketimi,Operations,per_lot,kWh,200,0.1,0,Değişken,1,60000,6000
bakım,Hat Bakım - R2R,Operations,per_yıl,,2,3000,0,,1,0,0
malzeme,ITO kaplı PET,Operations,per_m2,m²,2,6,0.09,Değişken,1,286452,1718712
malzeme,PDLC karışımı,Operations,per_m2,g,21,0.9,0.02,Değişken,1,2814588,2533129.2
